title,discription,illutration,link
BUM-BELIEVABLE,"I have a 55inch bum and I'm working to get it BIGGER, says model",https://www.thesun.co.uk/wp-content/uploads/2023/02/newspress-collage-21504538-1677247877010.jpg?1677247957&strip=all&w=300&h=192&crop=1,https://www.thesun.co.uk/news/21504538/model-55inch-bum-bigger-tiktok-onlyfans/
JAIL HELL,Andrew Tate reveals prison workout routine in his tiny cell as he rots in jail,https://www.thesun.co.uk/wp-content/uploads/2023/02/newspress-collage-21498485-1677247769877.jpg?1677247801&strip=all&w=300&h=192&crop=1,https://www.thesun.co.uk/news/21498485/andrew-tate-prison-workout-routine/
ON A ROLL,Woman thrilled after scooping £7m jackpot while playing cheap casino game,https://www.thesun.co.uk/wp-content/uploads/2023/02/newspress-collage-21483811-1677098188312.jpg?1677098225&strip=all&w=300&h=192&crop=1,https://www.thesun.co.uk/news/21483811/woman-luck-scooping-jackpot-cheap-casino-game/
‘MY TEAM’,Andrew Tate launches thinly veiled attack on fans & says he ‘needs better people’,https://www.thesun.co.uk/wp-content/uploads/2023/02/newspress-collage-21483233-1677095012221.jpg?1677095029&strip=all&w=300&h=192&crop=1,https://www.thesun.co.uk/news/21483233/andrew-tate-attack-supporters-needs-better-people/
BULKED BEAUTY,I’m a bodybuilding queen - haters say no man will marry me but I love my look,https://www.thesun.co.uk/wp-content/uploads/2023/02/newspress-collage-21482998-1677093054976.jpg?1677093088&strip=all&w=300&h=192&crop=1,https://www.thesun.co.uk/news/21482998/bodybuilding-muscle-queen-no-man-will-marry/
SAVIOUR DAD,Moment dad breaks free to tackle armed robbers who snatched nine-year-old son,https://www.thesun.co.uk/wp-content/uploads/2023/02/jr-dad-tackles-armed-robbbers-kidnap-son.jpg?1677090824&strip=all&w=150&h=100&crop=1,https://www.thesun.co.uk/news/21482959/dad-breaks-free-ties-tackles-armed-robbers-kidnap-son/
THAT’S AMOUR-EH?,Moment Amouranth reveals WEIRDEST requests she’s had on OnlyFans,https://www.thesun.co.uk/wp-content/uploads/2023/02/newspress-collage-21482657-1677090058729.jpg?1677090090&strip=all&w=150&h=100&crop=1,https://www.thesun.co.uk/news/21482657/shock-twitch-superstar-amouranth-reveals-weirdest-requests-onlyfans/
KILLING FIELDS,Dozens of Russian mercenaries killed in a day after ‘running out of ammo’,https://www.thesun.co.uk/wp-content/uploads/2023/02/817314cf-7619-49d7-a730-7576e6b503e6.jpg?strip=all&w=150&h=100&crop=1,https://www.thesun.co.uk/news/21482300/wagner-group-mercenaries-massacred/
BABY BRUISER,My 16-month-old weighs more than an EIGHT-year-old and wears his dad’s clothes,https://www.thesun.co.uk/wp-content/uploads/2023/02/2022-babys-condition-made-difficult-797717634.jpg?strip=all&w=150&h=100&crop=1,https://www.thesun.co.uk/news/21479297/massive-16-month-old-chunk-indonesia-diapers/
JIHADI DANGER,Why Begum will FOREVER be threat to UK as her lawyer says 'fight isn't over',https://www.thesun.co.uk/wp-content/uploads/2023/02/jb-shamima-comp.jpg?1677080061&strip=all&w=150&h=100&crop=1,https://www.thesun.co.uk/news/21478618/shamima-begum-forever-threat-uk-sneak/
BODY POSITIVE,I'm a 73yo bodybuilder who cares for sick wife - here's my secret to success,https://www.thesun.co.uk/wp-content/uploads/2023/02/newspress-collage-21478324-1677073960966.jpg?1677073991&strip=all&w=150&h=100&crop=1,https://www.thesun.co.uk/news/21478324/73-year-old-bodybuilder-alzheimers-sick-care-secret/
DEVIL IN DISGUISE,I thought I was on trip of a lifetime with best pal… but it was all a lie,https://www.thesun.co.uk/wp-content/uploads/2023/02/DD-COMP-CON-GIRL.jpg?strip=all&w=300&h=192&crop=1,https://www.thesun.co.uk/news/21457872/con-artist-jail-samantha-azzorpadi-girl-scam/
TOY BOY,I fell in love with a doll and now we're having our third baby together,https://www.thesun.co.uk/wp-content/uploads/2023/02/newspress-collage-21476806-1677069740488.jpg?1677069933&strip=all&w=300&h=192&crop=1,https://www.thesun.co.uk/news/21476806/love-rag-doll-pregnant-third-baby/
BANGERS AND CASH,Putin takes stage at FLOP rally after bribing crowd with £5 & free sausage,https://www.thesun.co.uk/wp-content/uploads/2023/02/newspress-collage-21476839-1677078745372.jpg?1677078850&strip=all&w=300&h=192&crop=1,https://www.thesun.co.uk/news/21476839/putin-packs-stadium-warped-pro-war-rally/
SHOCK FIND,I bought CD from charity shop - but found it contained unseen photo of JFK,https://www.thesun.co.uk/wp-content/uploads/2023/02/newspress-collage-21476541-1677068102141.jpg?1677068139&strip=all&w=150&h=100&crop=1,https://www.thesun.co.uk/news/21476541/unseen-jfk-photo-assasination-auction-charity-shop-texas/
SCHOOL HORROR,"Pupil, 16, who stabbed teacher to death told cops he was 'possessed by devil'",https://www.thesun.co.uk/wp-content/uploads/2023/02/newspress-collage-21475806-1677067895008.jpg?1677067906&strip=all&w=150&h=100&crop=1,https://www.thesun.co.uk/news/21475806/teacher-stabbed-france-student-dead/
JACKED UP,I’m an 80-year-old bodybuilder - there’s a key hack to bulking up quick,https://www.thesun.co.uk/wp-content/uploads/2023/02/newspress-collage-21470828-1677062366702.jpg?1677062419&strip=all&w=150&h=100&crop=1,https://www.thesun.co.uk/news/21470828/80-year-old-bodybuilder-advice-calories-bulk/
WARNING SIGNS,Body language experts reveal how serious Putin’s nuke threats REALLY are,https://www.thesun.co.uk/wp-content/uploads/2023/02/DD-COMP-PUTIN-BODY-LANGUAGE-v4-1.jpg?strip=all&w=150&h=100&crop=1,https://www.thesun.co.uk/news/21469977/vladimir-putin-speech-body-language/
EYE ON THE BALL,Mystery metal ball washed up on Japan beach sparks wild conspiracy theories,https://www.thesun.co.uk/wp-content/uploads/2023/02/MT-JAPAN-BALL-COMP.jpg?strip=all&w=150&h=100&crop=1,https://www.thesun.co.uk/news/21469657/mystery-giant-metal-ball-beach-japan-wild-ufo-conspiracy/
CAT ATTACK,Horror moment leopard mauls 6 people in rampage across city after escaping cage,https://www.thesun.co.uk/wp-content/uploads/2023/02/newspress-collage-21470532-1677058414881.jpg?1677058433&strip=all&w=150&h=100&crop=1,https://www.thesun.co.uk/news/21470532/leopard-escapes-cage-injures-six-people-horror-rampage/
BEGUM BEGONE,Shamima BANNED from re-entering UK as ISIS bride's citizenship appeal denied,https://www.thesun.co.uk/wp-content/uploads/2023/02/DD-COMP-BEGUM.jpg?strip=all&w=300&h=192&crop=1,https://www.thesun.co.uk/news/21469227/shamima-begum-britain-eight-years-isis-terror-cell/
NUKE ALERT,"Putin 'tested 16,000mph Satan-2 nuclear-capable missile' as Biden was in Ukraine",https://www.thesun.co.uk/wp-content/uploads/2023/02/newspress-collage-21469117-1677046842144.jpg?1677046862&strip=all&w=300&h=192&crop=1,https://www.thesun.co.uk/news/21469117/putin-tested-satan-2-nuclear-missile-biden-ukraine/
MOOSE CANNON,Shocking moment moose charges dog walker & kicks her in the back of the head,https://www.thesun.co.uk/wp-content/uploads/2023/02/COMP-LI-as-1.jpg?strip=all&w=150&h=100&crop=1,https://www.thesun.co.uk/news/21468768/shocking-moment-rampaging-moose-charges-dog-walker-alaska/
HUGE LOSS,"Russian casualties are now pushing 200K — with 1,000 killed or injured every day",https://www.thesun.co.uk/wp-content/uploads/2023/02/ukrainian-soldiers-pose-shelter-bakhmut-797534506.jpg?strip=all&w=150&h=100&crop=1,https://www.thesun.co.uk/news/21468412/russian-casualties-pushing-1000-killed-injured/
NEW MODEL ARMY,How Ukrainian fashion designers put on stunning show at London Fashion Week,https://www.thesun.co.uk/wp-content/uploads/2023/02/dk-comp-ukraine-fashion.jpg?strip=all&w=150&h=100&crop=1,https://www.thesun.co.uk/news/21466814/ukrainian-fashion-designers-london-fashion-week/
THANKS A BILL,I was left tip by diner but burst into tears when I double-checked the zeroes,https://www.thesun.co.uk/wp-content/uploads/2023/02/newspress-collage-21466564-1677007091473.jpg?1677007111&strip=all&w=150&h=100&crop=1,https://www.thesun.co.uk/news/21466564/tip-diner-burst-tears-double-checked-zeroes-shock/
WITHOUT A TRACE,Who is 'Germany's Madeleine' Inga Gehricke and when did she go missing?,https://www.thesun.co.uk/wp-content/uploads/2020/06/crop-11793526-2.jpg?strip=all&w=150&h=100&crop=1,https://www.thesun.co.uk/news/11793499/what-happened-germanys-madeleine-inga-gehricke-when-go-missing/
HARD TIME,Andrew and Tristan Tate remain in custody after their appeal is rejected,https://www.thesun.co.uk/wp-content/uploads/2022/12/2023-inquam-photos-octav-ganea-792558515.jpg?strip=all&w=150&h=100&crop=1,https://www.thesun.co.uk/news/20906235/andrew-and-tristan-tate-release-date/
TATE THAT,Andrew Tate to STAY in hellhole jail for 30 more days amid sex trafficking probe,https://www.thesun.co.uk/wp-content/uploads/2023/02/crop-21456632.jpg?strip=all&w=150&h=100&crop=1,https://www.thesun.co.uk/news/21456530/andrew-tate-jail-time-increased/
RUFF JUSTICE,I got fined £400 after my dog ‘LOOKED through my fence’- here’s the ‘proof’,https://www.thesun.co.uk/wp-content/uploads/2023/02/newspress-collage-21461042-1676990192761.jpg?1676990255&strip=all&w=150&h=100&crop=1,https://www.thesun.co.uk/news/21461042/fined-400-petty-council-dog-ridiculous-proof/
HATEFUL TATE,Chilling voice messages Andrew Tate sent to victim after ‘strangling’ revealed,https://www.thesun.co.uk/wp-content/uploads/2023/02/2023-andrew-tate-divisive-influencer-792555018.jpg?strip=all&w=300&h=192&crop=1,https://www.thesun.co.uk/news/21460925/voice-messages-andrew-tate-sent-victim-bbc/
BODY SNATCHERS,Dark world of organ trading where backstreet surgeons butcher live victims,https://www.thesun.co.uk/wp-content/uploads/2023/02/JW-ORGAN-TRADE-COMP-V2.jpg?strip=all&w=300&h=192&crop=1,https://www.thesun.co.uk/news/21457524/gangs-organ-black-market-trade/
LOCKED UP,Latest on Andrew Tate's detention in Romanian prison,https://www.thesun.co.uk/wp-content/uploads/2023/01/nick-hewlett-head-st-dunstans-792633751.jpg?strip=all&w=300&h=192&crop=1,https://www.thesun.co.uk/news/21120892/is-andrew-tate-still-prison/
LEVI TWIST,Levi Davis' pal reveals text they sent him was read two months AFTER he vanished,https://www.thesun.co.uk/wp-content/uploads/2023/02/DD-COMP-LEVI-V2-1.jpg?strip=all&w=150&h=100&crop=1,https://www.thesun.co.uk/news/21458256/levi-davis-pal-text-read-after-x-factor-disappearance/
PLACE IN THE 'UN,Inside ABANDONED ‘North Korea Benidorm’ resort overrun by homeless locals,https://www.thesun.co.uk/wp-content/uploads/2023/02/tp-composite-North-Korea-Benidorm-abandoned.jpg?strip=all&w=150&h=100&crop=1,https://www.thesun.co.uk/news/21423338/kim-jong-un-resort-benidorm-abandoned/
HORROR AT SEA,Moment lifeguards try to save shark victim racing him to beach on jet ski,https://www.thesun.co.uk/wp-content/uploads/2023/02/newspress-collage-21457124-1676977498009.jpg?1676977514&strip=all&w=150&h=100&crop=1,https://www.thesun.co.uk/news/21457124/hero-lifeguards-desperately-shark-attack-victim/
VLAD SILENCED,Putin speech suffers BLACKOUT as state TV channels go down 'after huge hack',https://www.thesun.co.uk/wp-content/uploads/2023/02/Online-TV-blackout-5-east2west-news.jpg?strip=all&w=150&h=100&crop=1,https://www.thesun.co.uk/news/21458570/vladimir-putin-speech-tv-blackout-russia/
DELUDED DICTATOR,Putin warns of 'GLOBAL WAR' & makes veiled nuke threat in deranged speech,https://www.thesun.co.uk/wp-content/uploads/2023/02/DD-COMP-BIDEN.jpg?strip=all&w=150&h=100&crop=1,https://www.thesun.co.uk/news/21455849/putin-speech-ukraine-russia-war/
CRUISE TRAGEDY,Brit drops dead at dinner table in front of wife on luxury cruise to Hawaii,https://www.thesun.co.uk/wp-content/uploads/2023/02/newspress-collage-21456065-1676967419156.jpg?1676967441&strip=all&w=150&h=100&crop=1,https://www.thesun.co.uk/news/21456065/brit-grandad-dies-suddenly-luxury-cruise-hawaii/
ALPS SMASH,Horror Alps bus crash leaves 16 Brits hurt including 6 kids as injured airlifted,https://www.thesun.co.uk/wp-content/uploads/2023/02/OFF-PLAT-KE-SKI.jpg?strip=all&w=300&h=192&crop=1,https://www.thesun.co.uk/news/21456039/brits-injured-kids-bus-crash-alps/
PUTIN'S PIRATES,Russian 'spy ship targeting UK internet and power cables' is INTERCEPTED,https://www.thesun.co.uk/wp-content/uploads/2023/02/crop-21456010.jpg?1676966601&strip=all&w=300&h=192&crop=1,https://www.thesun.co.uk/news/21455833/russian-spy-ship-uk-internet-power-cables-sabotage-intercepted/
RED ALERT,Putin's motorcade heads to Kremlin in early hours ahead of major national address,https://www.thesun.co.uk/wp-content/uploads/2023/02/newspress-collage-21455517-1676940897463.jpg?1676940933&strip=all&w=300&h=192&crop=1,https://www.thesun.co.uk/news/21455517/putins-armoured-motorcade-kremlin-major-national-address/
'LOWEST OF THE LOW',Caroline Crouch's dad hits out at killer & blasts his sentence appeal,https://www.thesun.co.uk/wp-content/uploads/2023/02/newspress-collage-21454943-1676934161727.jpg?1676934204&strip=all&w=150&h=100&crop=1,https://www.thesun.co.uk/news/21454943/murdered-caroline-crouchs-dad-killer-husband-appeal-sentence-reduced/
'DISTRAUGHT',Alec Baldwin victim's dad tried to join Ukrainian army as he battled grief,https://www.thesun.co.uk/wp-content/uploads/2023/02/crop-21454999.jpg?strip=all&w=150&h=100&crop=1,https://www.thesun.co.uk/news/21454936/halyna-hutchins-dad-alec-baldwin-ukrainian-army/
FAIR SHARE,I invested £100 in company shares - but I couldn't believe how much I made back,https://www.thesun.co.uk/wp-content/uploads/2023/02/NINTCHDBPICT000797260711-1.jpg?strip=all&w=150&h=100&crop=1,https://www.thesun.co.uk/news/21454076/la-redoute-employee-invested-company-share-scheme-return/
BOAT HORROR,Brits 'cheat death' after boat with 36 on board sinks off coast of the Algarve,https://www.thesun.co.uk/wp-content/uploads/2023/02/5dc62679-77b6-4947-bac4-ea41f8b9790d.jpg?strip=all&w=150&h=100&crop=1,https://www.thesun.co.uk/news/21407960/brit-holidaymakers-cheat-death-tourist-boat-capsizes-algarve/
HAMMER HORRORS,Putin’s warlord handing out SLEDGEHAMMERS to troops after brutal executions,https://www.thesun.co.uk/wp-content/uploads/2023/02/newspress-collage-21453019-1676919878168.jpg?1676919951&strip=all&w=150&h=100&crop=1,https://www.thesun.co.uk/news/21453019/putins-ruthless-warlord-sledgehammers-executions/
HORROR BLOW,Moment OnlyFans bodybuilder is battered with metal stool leaving him ‘disabled’,https://www.thesun.co.uk/wp-content/uploads/2023/02/newspress-collage-21452331-1676915361456.jpg?1676915452&strip=all&w=150&h=100&crop=1,https://www.thesun.co.uk/news/21452331/horror-onlyfans-bodybuilder-battered-bar-brawl-disabled/
QUAKE ALERT,"Powerful new earthquakes hit Turkey & Syria weeks after disaster killed 47,000",https://www.thesun.co.uk/wp-content/uploads/2023/02/2023-hatay-t-rkiye-death-797276069.jpg?strip=all&w=300&h=192&crop=1,https://www.thesun.co.uk/news/21452830/another-earthquake-hits-turkey-syria-weeks-disaster/
FAMILY SECRETS,I found out family secret from birth certificate but there was another twist,https://www.thesun.co.uk/wp-content/uploads/2023/02/newspress-collage-21449927-1676912408287.jpg?1676912470&strip=all&w=300&h=192&crop=1,https://www.thesun.co.uk/news/21449927/huge-family-secret-birth-certificate-twist/
ALL SYSTEMS JOE,Inside mission to get Biden to Kyiv from 'Red Phone' call to news blackout,https://www.thesun.co.uk/wp-content/uploads/2023/02/RB-COMP-BIDEN-FLIGHT-V3.jpg?strip=all&w=150&h=100&crop=1,https://www.thesun.co.uk/news/21447641/secret-mission-biden-kyiv-blackout/
SICKLY VLAD,"Putin's health relapse could make him lash out in Ukraine, says ‘insider'",https://www.thesun.co.uk/wp-content/uploads/2023/02/2022-minsk-belarus-president-putin-789000380.jpg?strip=all&w=150&h=100&crop=1,https://www.thesun.co.uk/news/21450252/putin-health-relapse-lash-out-ukraine/
DIVE TRAGEDY,Brit diver dies off the coast of Tenerife after 'suffering cardiac arrest',https://www.thesun.co.uk/wp-content/uploads/2023/02/newspress-collage-21450456-1676906286228.jpg?1676906308&strip=all&w=150&h=100&crop=1,https://www.thesun.co.uk/news/21450456/brit-female-scuba-diver-dies-coast-tenerife-cardiac-arrest/
VLAD'S WRATH,Putin 'puts nukes on high alert & activates chilling Monolith combat system',https://www.thesun.co.uk/wp-content/uploads/2023/02/newspress-collage-21446970-1676899908260.jpg?1676899943&strip=all&w=150&h=100&crop=1,https://www.thesun.co.uk/news/21446970/putin-nuke-forces-highest-alert-biden/
PAWS OF DEATH,Moment dog jumps into sea & attacks a 12ft SHARK… but who comes out on top?,https://www.thesun.co.uk/wp-content/uploads/2023/02/GIF-Dog-Shark.gif?strip=all&w=150&h=100&crop=1,https://www.thesun.co.uk/news/21446720/dog-sea-attacks-shark-screaming-brits/
DARK SUPERPOWERS,Zelensky warns new evil axis of China & Russia could spark World War 3,https://www.thesun.co.uk/wp-content/uploads/2023/02/crop-21447746.jpg?strip=all&w=150&h=100&crop=1,https://www.thesun.co.uk/news/21447634/zelensky-china-russia-world-war-3/
SICK-TOK,Moment streamer films herself ‘running over dog while looking at phone on camera’,https://www.thesun.co.uk/wp-content/uploads/2023/02/newspress-collage-21445882-1676891544479.jpg?1676891586&strip=all&w=150&h=100&crop=1,https://www.thesun.co.uk/news/21445882/twitch-streamer-running-over-dog-live/
SILVER LINING,I hunted treasure using family map - I nearly died before incredible ending,https://www.thesun.co.uk/wp-content/uploads/2023/02/newspress-collage-21444664-1676889165623.jpg?1676889305&strip=all&w=150&h=100&crop=1,https://www.thesun.co.uk/news/21444664/buried-ww2-treasure-family-map-silver/
HOLIDAY HORROR,"Brit boy, 4, fights for life after being hit by horse & carriage in Italy",https://www.thesun.co.uk/wp-content/uploads/2023/02/hp-op-trentino2-1.jpg?strip=all&w=300&h=192&crop=1,https://www.thesun.co.uk/news/21444686/brit-boy-fighting-life-down-horse-carriage/
IT'S JOE TIME,Biden makes shock visit to Kyiv to meet Zelensky as air raid sirens blare,https://www.thesun.co.uk/wp-content/uploads/2023/02/KH-COMP-BIDEN-V4.jpg?strip=all&w=300&h=192&crop=1,https://www.thesun.co.uk/news/21443597/joe-biden-ukraine-visit-kyiv-zelensky/
‘BLISTERING ANGER’,Tate reveals inmates brawl with guards in ‘animal house’ Romanian jail,https://www.thesun.co.uk/wp-content/uploads/2023/02/newspress-collage-21443460-1676884964424.jpg?1676884990&strip=all&w=300&h=192&crop=1,https://www.thesun.co.uk/news/21443460/tate-inmates-brawl-prison-rant/
PURE EVIL,The chilling story of Austrian kidnapper and rapist Josef Fritzl,https://www.thesun.co.uk/wp-content/uploads/2019/03/NINTCHDBPICT000531860363.jpg?strip=all&w=150&h=100&crop=1,https://www.thesun.co.uk/news/3301274/josef-fritzl-daughter-elisabeth-abuse-rape-austria/
KEEPING THEM SAFE,Here's what we know about Elisabeth Fritzl's children,https://www.thesun.co.uk/wp-content/uploads/2023/02/cj-elisabeth-fritzl.jpg?1676883291&strip=all&w=150&h=100&crop=1,https://www.thesun.co.uk/news/14231260/elisabeth-fritzls-children-now/
KILLER SHARK,Horror moment shark mauls tourist to death at beach DAYS after another attack,https://www.thesun.co.uk/wp-content/uploads/2023/02/newspress-collage-21443341-1676878259117.jpg?1676878317&strip=all&w=150&h=100&crop=1,https://www.thesun.co.uk/news/21443341/shark-mauls-tourist-death-beach-reopened-attack/
SURVIVOR,What we know about Elisabeth Fritzl's whereabouts after dad kept her in basement,https://www.thesun.co.uk/wp-content/uploads/2023/02/jb-fritzl-off-1.jpg?strip=all&w=150&h=100&crop=1,https://www.thesun.co.uk/news/14231475/elisabeth-fritzl-now-girl-in-basement/
FIGHTING TALK,Ukraine vows to end war with Russia by parking tanks in Moscow's Red Square,https://www.thesun.co.uk/wp-content/uploads/2023/02/MR-COMP-UKRAINE-INTERVIEW-V3-1.jpg?strip=all&w=150&h=100&crop=1,https://www.thesun.co.uk/news/21440706/kyiv-security-chief-vows-ukraine-tanks-moscow/
GREAT BRITONS,We were scared to leave Ukraine after Putin invaded but kind Brits helped us,https://www.thesun.co.uk/wp-content/uploads/2023/02/KS_COMP_1YEARONV2.jpg?strip=all&w=150&h=100&crop=1,https://www.thesun.co.uk/news/21440280/ukraine-war-russian-missiles-fled-brits-welcomed/
TOWER INFERNO,High-rise blaze leaves one dead as desperate residents jump from 11th floor,https://www.thesun.co.uk/wp-content/uploads/2023/02/aj-fire-op.jpg?strip=all&w=300&h=192&crop=1,https://www.thesun.co.uk/news/21440049/horror-high-rise-blaze-residents-jump-11th-story/
SHOTS FIRED,Greta Thunberg responds for first time to Andrew Tate trafficking charges,https://www.thesun.co.uk/wp-content/uploads/2023/02/newspress-collage-21439677-1676824933687.jpg?1676825051&strip=all&w=300&h=192&crop=1,https://www.thesun.co.uk/news/21439677/greta-thunberg-andrew-tate-trafficking-charges-threatened/
HEALTH UPDATE,Jeremy Renner shares health update seven weeks after horror snowplow accident,https://www.thesun.co.uk/wp-content/uploads/2023/02/us-actor-jeremy-renner-thanked-786457942.jpg?strip=all&w=300&h=192&crop=1,https://www.thesun.co.uk/news/21438600/jeremy-renner-health-update-snowplow-accident/
PLANE HORROR,Four feared dead after horror plane crash near remote volcano,https://www.thesun.co.uk/wp-content/uploads/2023/02/newspress-collage-21438802-1676817886339.jpg?1676817964&strip=all&w=150&h=100&crop=1,https://www.thesun.co.uk/news/21438802/four-feared-dead-horror-plane-crash-philippines/
VLAD'S MIND,Leaked docs show Putin's OWN spies believe he's a 'bullying narcissistic liar',https://www.thesun.co.uk/wp-content/uploads/2023/02/RB-GRAPHIC-PUTINS-MIND-1.jpg?strip=all&w=150&h=100&crop=1,https://www.thesun.co.uk/news/21344313/putin-spies-leaked-bullying-narcissistic-liar/
MAD LOVE,Terrifying scientist Dr Death created 'corpse bride' & lived with her for 7 years,https://www.thesun.co.uk/wp-content/uploads/2023/02/DD-COMP-DOCTOR-DEATH-1.jpg?strip=all&w=150&h=100&crop=1,https://www.thesun.co.uk/news/21411628/dr-death-lived-with-corpse-girl-carl-tanzler/
CRUEL CONMAN,Ex-girlfriend of Tinder Swindler breaks silence & reveals why she stood by him,https://www.thesun.co.uk/wp-content/uploads/2023/02/newspress-collage-21437179-1676797705347.jpg?1676797756&strip=all&w=150&h=100&crop=1,https://www.thesun.co.uk/news/21437179/former-girlfriend-tinder-swindler-breaks-silence/
QUAKE MIRACLE,Woman found alive after 12 days buried in ruins from Turkey earthquake,https://www.thesun.co.uk/wp-content/uploads/2023/02/GETTY_3-survivors-including-a-child-pulled-alive-296-hours-after-earthquakes-in-Turkiye_NEW_GYI124-J-1.jpg?strip=all&w=150&h=100&crop=1,https://www.thesun.co.uk/news/21435789/survivor-saved-turkey-earthquake-after-12-days-rubble/
SMILES AT LAST,"One year ago, we ran from Russian bombs... now we’re home thanks to The Sun",https://www.thesun.co.uk/wp-content/uploads/2023/02/TM-comp-Ukraine-Family.jpg?strip=all&w=150&h=100&crop=1,https://www.thesun.co.uk/news/21433938/ukraine-family-rebuild-home/
CRIME CHATEAU,Inside murdered Brit crime boss' 126-acre castle on sale for less than £600k,https://www.thesun.co.uk/wp-content/uploads/2023/02/TM-comp-Castle-v2.jpg?strip=all&w=300&h=192&crop=1,https://www.thesun.co.uk/news/21433415/inside-126-acre-castle-murdered-brit-crime-boss/
GET CARTER,How old is Jimmy Carter and who is the former US President's wife?,https://www.thesun.co.uk/wp-content/uploads/2018/12/NINTCHDBPICT000539264459.jpg?strip=all&w=300&h=192&crop=1,https://www.thesun.co.uk/news/7913951/jimmy-carter-us-president-how-old/
HORROR FIND,Inside horrifying death truck where bodies of 18 migrants were discovered,https://www.thesun.co.uk/wp-content/uploads/2023/02/newspress-collage-21429241-1676737622870.jpg?1676737971&strip=all&w=150&h=100&crop=1,https://www.thesun.co.uk/news/21429241/18-migrants-found-dead-inside-abandoned-truck-in-bulgaria/
MALL CHAOS,Shopping centre shooting fears in Paris as terrified shoppers rush for exits,https://www.thesun.co.uk/wp-content/uploads/2023/02/newspress-collage-21432696-1676737979670.jpg?1676738004&strip=all&w=150&h=100&crop=1,https://www.thesun.co.uk/news/21432696/shopping-centre-shooting-fears-westfield-paris-gunshots/
TATE ON TRIAL,Andrew Tate threatens to sue woman for £249m over rape & trafficking claims,https://www.thesun.co.uk/wp-content/uploads/2023/02/newspress-collage-21431529-1676729074776.jpg?1676729102&strip=all&w=150&h=100&crop=1,https://www.thesun.co.uk/news/21431529/influencer-andrew-tate-threatens-sue-woman-human-trafficking/
LEVI UPDATE,Missing X-Factor star Levi Davis' mum gives emotional update ahead of birthday,https://www.thesun.co.uk/wp-content/uploads/2023/02/newspress-collage-21431942-1676732774807.jpg?1676732826&strip=all&w=150&h=100&crop=1,https://www.thesun.co.uk/news/21431942/levi-davis-mum-gives-emotional-update-birthday/
WELCOME TO HELL,How Ukraine descended into bloody trench warfare & WW1-style battles,https://www.thesun.co.uk/wp-content/uploads/2023/02/KS_COMP_ukraine_war_frontline.jpg?strip=all&w=150&h=100&crop=1,https://www.thesun.co.uk/news/21407545/how-ukraine-descended-bloody-trench-warfare/
RIDDLE SOLVED,Mystery of 300-year-old mummified 'mermaid' with 'human face' finally solved,https://www.thesun.co.uk/wp-content/uploads/2023/02/newspress-collage-21430285-1676717404481.jpg?1676717432&strip=all&w=150&h=100&crop=1,https://www.thesun.co.uk/news/21430285/mystery-mummified-mermaid-creepy-human-face-solved/
BRIDGE OF SPIES,Inside Nato's frontier with Putin divided by bridge as Z sign taunts West,https://www.thesun.co.uk/wp-content/uploads/2023/02/DD-COMP-PANEMUNE-1.jpg?strip=all&w=150&h=100&crop=1,https://www.thesun.co.uk/news/21398558/inside-russia-no-mans-land-lithuania/
TWITCHY VLAD,Sickly Putin's feet twitch uncontrollably amid Parkinson's rumours,https://www.thesun.co.uk/wp-content/uploads/2023/02/Putin-GIF.gif?strip=all&w=150&h=100&crop=1,https://www.thesun.co.uk/news/21429693/putin-feet-twitch-uncontrollably-parkinsons/
FOOTIE TRAGEDY,Prem ace cancelled flight out of Turkey hours before earthquake killed him,https://www.thesun.co.uk/wp-content/uploads/2023/02/newspress-collage-21385469-1676707472433.jpg?1676707522&strip=all&w=300&h=192&crop=1,https://www.thesun.co.uk/news/21385469/ex-premier-league-star-christian-atsu-dies/
BLOOD FEUD,"I pumped Russian full of lead after he killed my comrade, says Brit in Ukraine",https://www.thesun.co.uk/wp-content/uploads/2023/02/tp-composite-brit-fighter-ukraine.jpg?strip=all&w=300&h=192&crop=1,https://www.thesun.co.uk/news/21429355/british-soldier-fighting-ukraine-bbc/
'HOT AIR','Chinese spy balloon' shot over Alaska may have belonged to amateur group,https://www.thesun.co.uk/wp-content/uploads/2023/02/suspected-chinese-spy-balloon-drifts-796483530.jpg?strip=all&w=300&h=192&crop=1,https://www.thesun.co.uk/news/21429410/chinese-spy-balloon-shot-alaska-us-amateur-ballooning-group/
TRENCH BATTLE,Incredible footage shows troop blasting Wagner mercenaries with RPG & rifle,https://www.thesun.co.uk/wp-content/uploads/2023/02/newspress-collage-21428838-1676678511355.jpg?1676678585&strip=all&w=150&h=100&crop=1,https://www.thesun.co.uk/news/21428838/ukraine-trench-video-bakhmut-wagner-mercenaries/
'HOPES RAISED',Mum of murdered Brit tells of her pain as his remains were found 22 years on,https://www.thesun.co.uk/wp-content/uploads/2023/02/dd311108-fa9c-4c23-a683-98680cfc3a1b.jpg?strip=all&w=150&h=100&crop=1,https://www.thesun.co.uk/news/21428359/mum-remains-missing-british-backpacker-peter-falconio/
FRESH PAIN,"Hope of finding our son Peter dashed again, says mum after ‘remains’ false alarm",https://www.thesun.co.uk/wp-content/uploads/2023/02/NINTCHDBPICT000587445132.jpg?strip=all&w=150&h=100&crop=1,https://www.thesun.co.uk/news/21428223/peter-falconio-murder-australia-remains-mum/
SECURITY RISK,Reporter who helped reveal assassination plot on Navalny 'BANNED' from BAFTAs,https://www.thesun.co.uk/wp-content/uploads/2023/02/newspress-collage-21427412-1676667459827.jpg?1676667493&strip=all&w=150&h=100&crop=1,https://www.thesun.co.uk/news/21427412/reporter-who-revealed-navalny-assassination-banned-from-baftas/
TATE’S MINIONS,Andrew Tate’s warped ‘university’ put ‘bounty on sworn enemy KSI’s head’,https://www.thesun.co.uk/wp-content/uploads/2023/02/jr-andrew-tate-ksi.jpg?1676661827&strip=all&w=150&h=100&crop=1,https://www.thesun.co.uk/news/21426593/andrew-tate-university-bounty-ksi-head-youtuber-cancelled/
MID AIR HORROR,Two BA flights made emergency landings after report of 'smoke' and 'burning',https://www.thesun.co.uk/wp-content/uploads/2023/02/777-plane-g-ymmp-approach-742364675.jpg?strip=all&w=150&h=100&crop=1,https://www.thesun.co.uk/news/21426604/british-airways-flights-emergency-landings-smoke-burning-smell/
ISLAND MURDER,"'Happy-go-lucky' Brit, 23, found shot dead at secluded site in Bermuda",https://www.thesun.co.uk/wp-content/uploads/2023/02/newspress-collage-21424803-1676650436407.jpg?1676650456&strip=all&w=300&h=192&crop=1,https://www.thesun.co.uk/news/21424803/brit-found-shot-dead-in-bermuda/
SKIN SCARE,Beauticians at Spain clinic arrested after 'women injured by botched treatments',https://www.thesun.co.uk/wp-content/uploads/2023/02/RM-botched-treatment-comp.jpg?strip=all&w=300&h=192&crop=1,https://www.thesun.co.uk/news/21422538/costa-del-sol-clinic-arrested-skin-botched-treatments/
DOGS OF WAR,Chilling war trial shows telepathic robot dogs commanded by soldiers’ THOUGHTS,https://www.thesun.co.uk/wp-content/uploads/2023/02/newspress-collage-21420356-1676635978254.jpg?1676636104&strip=all&w=300&h=192&crop=1,https://www.thesun.co.uk/news/21420356/telepathic-robot-dogs-commanded-thoughts/
ENEMY WITHIN,Embassy spy caught recording CCTV as he's jailed for selling secrets to Putin,https://www.thesun.co.uk/wp-content/uploads/2023/02/GIF-Spy-David-Smith-CCTV.gif?strip=all&w=150&h=100&crop=1,https://www.thesun.co.uk/news/21418533/brit-embassy-guard-spy-david-smith-jailed/
‘BATMAN’ SNARED,Brit 'assassin' using alias 'Batman' arrested after cops spot spider tattoo,https://www.thesun.co.uk/wp-content/uploads/2023/02/newspress-collage-21416670-1676627310440.jpg?1676627354&strip=all&w=150&h=100&crop=1,https://www.thesun.co.uk/news/21416670/brit-assassin-batman-arrested-gangland-cambodia-tattoo/
GYM ATTACK,Terrifying moment fitness model fights off would-be rapist in horror gym assault,https://www.thesun.co.uk/wp-content/uploads/2023/02/jb-gymattack-comp.jpg?1676631220&strip=all&w=150&h=100&crop=1,https://www.thesun.co.uk/news/21416945/horror-moment-model-fights-off-attacker-gym/
TRAGIC TWIST,Family anguish as cops DENY finding remains of Brit backpacker after 22 years,https://www.thesun.co.uk/wp-content/uploads/2023/02/VP-COMP-FALCONIO.jpg?strip=all&w=150&h=100&crop=1,https://www.thesun.co.uk/news/21417182/major-update-missing-brit-backpacker-peter-falconio-human-remains/
SLAIN COLONEL,Putin's colonel killed in Ukraine 'combat mission' in blow to war efforts,https://www.thesun.co.uk/wp-content/uploads/2023/02/crop-21416982.jpg?strip=all&w=150&h=100&crop=1,https://www.thesun.co.uk/news/21416787/putins-colonel-slaughtered-ukraine-latest-blow/
'BURN IN HELL',Putin allies call for London to be 'turned to dust' if Kyiv uses UK missiles,https://www.thesun.co.uk/wp-content/uploads/2023/02/newspress-collage-21415992-1676593415711.jpg?1676593476&strip=all&w=150&h=100&crop=1,https://www.thesun.co.uk/news/21415992/putin-allies-call-london-turned-dust-ukraine-british-missiles/
QUAKE MIRACLE,Girl rescued from ruins of collapsed block in Turkey quakes after 248 hours,https://www.thesun.co.uk/wp-content/uploads/2023/02/tp-composite-earthquake-new.jpg?strip=all&w=300&h=192&crop=1,https://www.thesun.co.uk/news/21415543/teen-rescued-ruins-earthquake-turkey/
KEIR JETS TO KYIV,Keir Starmer shakes the hand of Ukraine’s president Zelensky in Kyiv,https://www.thesun.co.uk/wp-content/uploads/2023/02/newspress-collage-21414686-1676587395927.jpg?1676587441&strip=all&w=300&h=192&crop=1,https://www.thesun.co.uk/news/21414686/sir-keir-starmer-handshake-zelensky-kyiv/
UZI DOES IT,Moment secret gun bunker filled with high-powered rifles is revealed under SOFA,https://www.thesun.co.uk/wp-content/uploads/2023/02/newspress-collage-21414999-1676583908448.jpg?1676584094&strip=all&w=150&h=100&crop=1,https://www.thesun.co.uk/news/21414999/secret-underground-gun-bunker-revealed-under-sofa/
RED ALERT,Russian nuke bombers intercepted TWICE in two days near US in show of strength,https://www.thesun.co.uk/wp-content/uploads/2023/02/newspress-collage-21413354-1676573339147.jpg?1676573421&strip=all&w=150&h=100&crop=1,https://www.thesun.co.uk/news/21413354/russian-nuclear-bombers-intercepted-twice-two-days-alaska/
DARK TIMES,"I was Andrew Tate's pal - he wanted fame, money & has gone down a dark path",https://www.thesun.co.uk/wp-content/uploads/2023/02/newspress-collage-21403953-1676539062955.jpg?1676539111&strip=all&w=150&h=100&crop=1,https://www.thesun.co.uk/news/21403953/andrew-tates-pal-obsessed-money-dark/
GET YOUR SKIS OFF!,Inside wild 'Magaluf of the Slopes' with 89p beers & swamped with Brits,https://www.thesun.co.uk/wp-content/uploads/2023/02/ROB-SKI-MAGALUF-COMP.jpg?strip=all&w=150&h=100&crop=1,https://www.thesun.co.uk/news/21241284/wild-magaluf-slopes-ski-resort-brits-89p-beers-bulgaria/
SUPERMARKET WEEP,I found £15k cash in a shopping trolley - my next move made ‘tears roll’,https://www.thesun.co.uk/wp-content/uploads/2023/02/newspress-collage-21410338-1676562198930.jpg?1676562210&strip=all&w=150&h=100&crop=1,https://www.thesun.co.uk/news/21410338/found-15000-cash-shopping-trolley-tears-roll-better-twist/
CRYPTO HAUL,"Cops seize £400,000 in Bitcoin from Tate brothers in sex trafficking probe",https://www.thesun.co.uk/wp-content/uploads/2023/02/2023-inquam-photos-octav-ganea-792558515-3.jpg?strip=all&w=150&h=100&crop=1,https://www.thesun.co.uk/news/21408263/andrew-tristan-tate-cops-bitcoin-sex-trafficking-probe/
TROUBLE & STRIFE,Wife’s revenge after husband hid £1m lottery win & bought his EX a house,https://www.thesun.co.uk/wp-content/uploads/2023/02/newspress-collage-21405454-1676544919960.jpg?1676544963&strip=all&w=150&h=100&crop=1,https://www.thesun.co.uk/news/21405454/wifes-fury-husband-hid-one-million-lottery-win-revenge/
DEATH RIDDLE,Putin defence official dies falling from window 'leaving documents on balcony',https://www.thesun.co.uk/wp-content/uploads/2023/02/crop-21407636.jpg?strip=all&w=150&h=100&crop=1,https://www.thesun.co.uk/news/21365494/putin-defence-official-falling-window-documents-mysterious-death-russia/
